,name,gppd_idnr,capacity_mw,latitude,longitude,primary_fuel,estimated_generation_gwh,city,state,aqi,pm10,co,o3,so2,no2
0,abono 2,WRI1006157,877.6600000000003,43.5528,-5.7231,coal,4526.039693464082,Asturias,Principado de Asturias,56.0,27.0,626.6669999999999,27.25,7.0,24.0
1,aceca  grupo 4,WRI1006159,758.74,39.9427,-3.8548,gas,1371.1425733196775,Toledo,Castilla-La Mancha,76.0,39.0,700.0,4.9433300000000004,1.0,52.0
2,ads juneda 2,WRI1006161,15.0,41.5485,0.8245,waste,53.033856112809026,Lleida,Catalunya,23.0,25.0,250.0,21.3236,1.0,1.0
3,agreda,WRI1006162,18.0,41.8559,-1.9224,wind,82.57939665072523,Soria,Castilla y León,23.0,3.11571,375.0,50.0,2.05,6.8
4,agreda,WRI1006163,16.334,41.8559,-1.9224,waste,57.750333716441524,Soria,Castilla y León,23.0,3.11571,375.0,50.0,2.05,6.8
5,agroenergetica de baena,WRI1006165,20.0,37.6167,-4.3225,biomass,4728.0,Córdoba,Andalucía,28.0,14.2686,400.543,32.0971,0.680797,38.0
6,aguayo 3,WRI1006167,360.6,43.0952,-4.0004,hydro,989.5170461512047,Cantabria,Cantabria,53.0,8.0,133.333,61.7917,277.778,3.13889
7,albarellos grupo 1,WRI1006170,67.6,42.4333,-8.1443,hydro,185.500145091019,Ourense,Galicia,29.0,0.020056,230.0,18.0,1.0,19.1
8,alcudia 1  grupo n 1,WRI1006172,533.8,39.8106,3.0913,coal,2752.7744096473875,Illes Balears,Illes Balears,38.0,22.3312,344.217,61.2438,2.5,3.72715
9,aldeadavila ii 2,WRI1006178,1226.43,41.2117,-6.6856,hydro,3365.428150058853,Salamanca,Castilla y León,30.0,0.201943,338.793,65.0883,0.148779,3.02563
10,alentisque,WRI1006179,46.5,41.4206,-2.3319,wind,213.3301080143736,Soria,Castilla y León,18.0,12.0,304.997,39.0,2.0,41.0
11,alto de la sierra,WRI1006185,11.05,41.5406,-1.7166,wind,50.69457405502856,Zaragoza,Aragón,23.0,3.5973599999999997,316.262,49.9785,0.08475039999999999,2.09385
12,amorebieta,WRI1006189,786.42,43.2347,-2.7497,gas,1421.1639593405655,Vizcaya,País Vasco,29.0,13.0,220.0,61.0,8.0,22.5
13,ampliacion del pical,WRI1006191,11.05,42.9362,-4.3083,wind,50.69457405502856,Palencia,Castilla y León,95.0,8.0,150.0,64.3333,500.0,1.8
14,ampliacion padornelo,WRI1006192,18.0,42.0357,-6.9054,wind,82.57939665072523,Zamora,Castilla y León,30.0,11.0,100.0,65.7141,0.522472,2.46335
15,ampliacion sierra del cortado,WRI1006193,13.5,41.7389,-2.1697,wind,61.93454748804394,Soria,Castilla y León,18.0,12.0,304.997,39.0,2.0,41.0
16,andasol-3,WRI1006195,149.7,37.2281,-3.0511,solar,1006.9042750120152,Granada,Andalucía,36.0,11.300999999999998,343.38199999999995,78.51,1.1,2.32
17,anllares gr 1,WRI1006197,346.84,42.8385,-6.5332,coal,1788.6329641103412,León,Castilla y León,26.0,10.0,338.793,56.0,2.0,3.4915300000000005
18,arbon 2,WRI1006201,56.040000000000006,43.4486,-6.7053,hydro,153.77852264646015,Asturias,Principado de Asturias,26.0,0.446457,326.276,56.0,1.35228,2.9346
19,arcos de la frontera grupo 1,WRI1006203,1585.39,36.6721,-5.8164,gas,2865.00741270433,Cádiz,Andalucía,34.0,19.7257,384.68800000000005,24.721,5.0,14.0304
20,arona 1  gas 1,WRI1006207,43.2,28.0996,-16.680999999999994,oil,130.7199929028638,Santa Cruz de Tenerife,Canarias,25.0,14.0,314.176,54.1667,3.5,6.8
21,arrubal grupo 1,WRI1006210,784.7,42.4194,-2.2511,gas,1418.0556940242388,La Rioja,La Rioja,22.0,2.68138,265.0,46.6667,2.825,6.433330000000001
22,arties 1,WRI1006212,67.52,41.798,1.9543,hydro,185.2806182920948,Barcelona,Catalunya,30.0,32.0,100.0,11.75,1.0,22.5
23,asco gr,WRI1006213,1990.5,41.2008,0.5679,nuclear,16020.314786673147,Tarragona,Catalunya,15.0,5.02302,400.0,31.37,0.67,9.5025
24,aste 1a,WRI1006214,99.8,39.171,-3.2666,solar,671.2695166746768,Ciudad Real,Castilla-La Mancha,26.0,6.07747,324.607,55.7005,0.284985,3.31481
25,astexol-2,WRI1006215,49.9,38.812,-7.0587,solar,335.6347583373384,Badajoz,Extremadura,31.0,0.250687,325.024,67.5023,125.0,2.4258599999999997
26,azuliber,WRI1006221,17.762999999999995,40.0667,-0.2,gas,32.100067915066326,Castellón,Comunidad Valenciana,22.0,24.0,100.0,25.75,3.0,10.6667
27,azutan 2,WRI1006222,198.01,39.7799,-5.0876,hydro,543.3562681874656,Toledo,Castilla-La Mancha,19.0,20.0,333.369,42.0,3.0,16.0
28,bahia de algeciras i,WRI1006223,731.0,36.1829,-5.3905,gas,1321.0127594389173,Cádiz,Andalucía,35.0,20.1976,361.741,26.9562,4.5225,24.0
29,barazar 1,WRI1006226,82.7,43.1,-2.75,hydro,226.9358283879774,Bizkaia,Euskadi,29.0,13.0,220.0,61.0,3.33333,17.0
30,barcena gr 1,WRI1006228,61.15,43.1258,-4.0566,hydro,167.80079692774868,Cantabria,Cantabria,53.0,8.0,133.333,61.7917,277.778,3.13889
31,barrados,WRI1006229,15.88,42.7333,0.7167,hydro,43.57606958647015,Lleida,Catalunya,3.0,0.49405200000000005,350.475,4.0,0.138301,1.57172
32,barranco de tirajana 7  vapor 3 (cc1),WRI1006230,646.26,27.8045,-15.4387,oil,1955.5347827177027,Las Palmas,Canary Islands,29.0,19.0,311.673,52.3333,4.0,6.75
33,belesar grupo 2,WRI1006246,331.01,42.6263,-7.7135,hydro,908.3195713990857,Lugo,Galicia,29.0,0.051291199999999995,165.0,61.8696,0.280328,16.0
34,bembezar,WRI1006247,14.86,37.8333,-5.2333,hydro,40.77710290018554,Córdoba,Andalucía,30.0,16.7087,355.065,50.0679,1.4826700000000002,38.0
35,benageber 2,WRI1006248,14.91,39.7167,-1.1,hydro,40.91430714951322,Valencia,Comunidad Valenciana,13.0,6.0,354.23,29.0,0.159722,9.0
36,besos  grupo 5,WRI1006249,1670.81,41.4196,2.2294,gas,3019.372542541912,Barcelona,Catalunya,30.0,32.0,100.0,24.3333,1.0,39.0
37,biescas ii 1,WRI1006251,61.4,42.629,-0.3214,hydro,168.48681817438708,Huesca,Aragón,16.0,0.654924,359.654,34.0,1.0,2.0
38,boinersa,WRI1006265,24.6,42.65,-8.9,oil,74.43777373635298,A Coruña,Galicia,26.0,19.0,105.0,56.6667,1.1,4.1
39,bolarque i grupo 1,WRI1006266,27.94,40.419,-2.9226,hydro,76.66973452430578,Guadalajara,Castilla-La Mancha,21.0,3.21285,440.0,46.3128,0.0698492,3.4326199999999996
40,bolarque ii grupo 1,WRI1006267,215.0,40.364,-2.8289,hydro,589.9782721090103,Guadalajara,Castilla-La Mancha,21.0,3.21285,440.0,46.3128,0.0698492,3.4326199999999996
41,buendia grupo 1,WRI1006273,54.45,40.3664,-2.7565,hydro,149.41542751784002,Cuenca,Castilla-La Mancha,21.0,3.21285,440.0,46.3128,0.0698492,3.4326199999999996
42,burguillo grupo 1,WRI1006274,61.95,40.4153,-4.5016,hydro,169.99606491699154,Ávila,Castilla y León,25.0,11.9179,700.0,32.5,1.0,14.0
43,c.h. arnoya,WRI1006277,10.0,42.8878,-8.9567,hydro,27.44084986553536,A Coruña,Galicia,27.0,18.0,110.0,58.0,1.15,6.0
44,c.h. en alarcon,WRI1006278,15.89,39.55,-2.0833,hydro,43.60351043633569,Cuenca,Castilla-La Mancha,27.0,29.0,344.217,2.0,6.0,53.0
45,c.h. millares ii grupo 1,WRI1006280,70.17,39.25,-0.7667,hydro,192.5524435064616,Valencia,Comunidad Valenciana,69.0,6.0,400.0,29.5,362.5,6.9188
46,c.h. rialb 2.,WRI1006282,24.774,41.9753,1.2561,hydro,67.9819614568773,Lleida,Catalunya,5.0,1.52605,100.0,4.0,0.0976725,1.0
47,c.h. sahechores,WRI1006283,20.215999999999998,42.6563,-5.1753,hydro,55.474422088166286,León,Castilla y León,33.0,0.23349499999999998,306.666,71.0,1.0,5.0
48,caldes 2,WRI1006288,32.48,42.5046,0.8006,hydro,89.12788036325883,Lleida,Catalunya,2.0,0.49405200000000005,100.0,4.0,0.138301,1.0
49,camarasa ii 1,WRI1006289,58.65000000000001,41.8749,0.8781,hydro,160.9405844613649,Lleida,Catalunya,15.0,1.43066,100.0,32.1865,0.443775,1.0
50,campo de gibraltar grupo 20,WRI1006292,780.6600000000003,36.1834,-5.3933,gas,1410.7548847928665,Cádiz,Andalucía,35.0,20.1976,361.741,26.9562,4.5225,24.0
51,camporriondi,WRI1006297,15.2,43.3514,-5.1292,hydro,41.71009179561374,Asturias,Principado de Asturias,28.0,0.5009239999999999,367.582,59.6344,0.317581,0.89
52,canalejas,WRI1006300,18.7,39.85,-0.75,wind,85.7908176315868,Castellón,Comunidad Valenciana,15.0,6.0,352.97900000000004,33.0,0.32642899999999997,9.0
53,candelaria 9  vapor 5,WRI1006302,153.94,28.3548,-16.3727,oil,465.8110117469178,Santa Cruz de Tenerife,Canarias,27.0,14.0,315.845,58.5714,4.0,7.25
54,canelles 1,WRI1006306,107.4,41.9763,0.6116,hydro,294.71472755584966,Lleida,Aragón,15.0,1.43066,100.0,32.1865,0.443775,1.0
55,cartagena grupo 1,WRI1006308,1248.82,37.5732,-0.9392,gas,2256.781332753091,Murcia,Región de Murcia,28.0,30.0,200.0,38.0,5.0,14.0
56,cas tresorer tg3  cc2,WRI1006309,429.0,39.5672,2.6895,gas,775.2591980838516,Illes Balears,Illes Balears,42.0,24.826,367.165,32.3653,2.5,7.10087
57,casablanca,WRI1006316,49.9,39.2939,-5.2168,solar,335.6347583373384,Badajoz,Extremadura,23.0,6.24404,315.428,49.3526,0.111642,2.55974
58,castejon  grupo 2,WRI1006317,797.41,42.1718,-1.6773,gas,1441.024329007096,Navarra,Navarra,23.0,3.11571,375.0,50.0,2.05,6.8
59,castellon,WRI1006318,782.0,39.9592,-0.001,gas,1413.1764403300049,Castellón,Comunidad Valenciana,22.0,24.0,100.0,25.75,3.0,11.5
60,castrejon grupo 1,WRI1006319,80.73,39.88800000000001,-4.4539,hydro,221.52998096446697,Toledo,Castilla-La Mancha,14.0,6.95292,700.0,30.756,0.148546,7.695
61,castrelo grupo 1,WRI1006320,135.59,42.2917,-8.1136,hydro,372.070483326794,Ourense,Galicia,29.0,0.020056,230.0,18.0,1.0,19.1
62,castro ii,WRI1006321,195.29,41.5756,-6.1891,hydro,535.89235702404,Zamora,Castilla y León,34.0,0.18431199999999998,330.031,73.1,2.0,5.115
63,ccc bahia de algeciras,WRI1006322,820.5360000000003,36.1829,-5.3905,gas,1482.8160404637094,Cádiz,Andalucía,35.0,20.1976,361.741,26.9562,4.5225,24.0
64,ccc sagunto  grupo 2,WRI1006323,1232.19,39.6426,-0.2344,gas,2226.7287442586044,Valencia,Comunidad Valenciana,50.0,24.0,250.0,33.0,2.6524099999999997,10.6667
65,cedillo 3,WRI1006324,495.18,39.6643,-7.5332,hydro,1358.81600364158,Cáceres,Extremadura,29.0,0.181286,332.11699999999996,63.5684,0.9052459999999999,3.42191
66,central hidraulica domeno,WRI1006332,20.4,42.6758,-1.2395,hydro,55.97933372569213,Navarra,Navarra,31.0,8.0,100.0,67.5023,0.5299229999999999,2.0777799999999997
67,central solar termoelectrica enerstar villena,WRI1006337,49.9,38.7291,-0.9219,solar,335.6347583373384,Alicante,Valencian Community,25.0,10.8879,389.278,32.0,2.145,6.0
68,central termosolar la africana,WRI1006338,49.9,37.7574,-5.062,solar,335.6347583373384,Córdoba,Andalucía,30.0,16.7087,355.065,50.0679,1.4826700000000002,38.0
69,cernadilla,WRI1006339,33.32,42.0208,-6.417000000000002,hydro,91.4329117519638,Zamora,Castilla y León,30.0,0.19733499999999998,314.593,64.8201,0.227708,2.3803400000000003
70,ceuta  grupo 13,WRI1006343,48.7,35.89,-5.35,oil,147.36258459188582,,Ceuta,35.0,20.1976,361.741,26.9562,4.5225,24.0
71,ceuta 9  g-9,WRI1006342,11.5,35.89,-5.35,oil,34.7981462588642,,Ceuta,35.0,20.1976,361.741,26.9562,4.5225,24.0
72,cg nufri-1,WRI1006345,13.56,41.6333,0.9,oil,41.03155332784336,Lleida,Catalunya,23.0,25.0,250.0,21.3236,1.0,1.0
73,ciclo combinado de castelnou,WRI1006355,790.68,41.2167,-0.2928,gas,1428.862337391468,Teruel,Aragón,54.0,2.26404,369.251,41.9766,0.0912696,3.3362300000000005
74,cijara m. dcha. 1,WRI1006357,50.4,39.3711,-5.0166,hydro,138.3018833222982,Badajoz,Extremadura,23.0,6.24404,315.428,49.3526,0.111642,2.55974
75,cijara m. izda. 3,WRI1023631,51.7,39.3711,-5.0166,hydro,141.86919380481785,Badajoz,Extremadura,23.0,6.24404,315.428,49.3526,0.111642,2.55974
76,cn almaraz 1,WRI1006358,2016.9,39.807,-5.6986,nuclear,16232.792209616211,Cáceres,Extremadura,28.0,0.202016,145.0,61.0,125.0,2.7
77,cn cofrentes,WRI1006359,1063.94,39.2134,-1.0509,nuclear,8563.001112350179,Valencia,Comunidad Valenciana,69.0,6.0,366.33,29.0,362.5,5.060569999999999
78,cofrentes 1,WRI1006361,120.54,39.2167,-1.05,hydro,330.7720042791632,Valencia,Comunidad Valenciana,69.0,6.0,366.33,29.0,362.5,5.060569999999999
79,cogeneracion motril,WRI1006377,48.8,36.7334,-3.5413,gas,88.18799269578544,Granada,Andalucía,36.0,13.5171,215.0,78.51,1.1,2.32
80,cogeneracion navia,WRI1006378,24.0,43.5354,-6.7193,gas,43.371143948746955,Asturias,Principado de Asturias,26.0,0.446457,326.276,56.0,1.35228,2.9346
81,cogeneracion repsol,WRI1006381,40.83,38.6871,-4.1073,oil,123.54854884777608,Ciudad Real,Castilla-La Mancha,18.0,11.0787,332.952,25.5,3.0,2.81143
82,colortex,WRI1006390,12.68,38.8167,-0.6167,gas,22.914421052921305,Valencia,Comunidad Valenciana,21.0,5.98705,375.092,33.5,4.0,10.6667
83,compostilla ii gr 5,WRI1006393,1005.14,42.6125,-6.5647,coal,5183.446365891674,León,Castilla y León,27.0,10.0,327.528,57.8463,2.0,2.57045
84,conso 2,WRI1006395,268.02,42.1142,-7.209,hydro,735.4696580960785,Ourense,Galicia,33.0,11.0,100.0,71.5256,0.6956979999999999,2.90782
85,consoll orellana,WRI1006396,49.9,39.0212,-5.5333,solar,335.6347583373384,Badajoz,Extremadura,25.0,5.94337,332.11699999999996,53.5548,1.02445,4.2466
86,contreras ii 1,WRI1006398,13.99,39.5333,-1.6,hydro,38.38974896188397,Cuenca,Castilla-La Mancha,4.0,1.0,351.727,4.0,3.0,21.0
87,corbera,WRI1006400,49.2,42.6469,-6.3204,wind,225.71701751198242,León,Castilla y León,28.0,10.0,308.335,59.9921,2.0,2.5329599999999997
88,cornatel gr 1,WRI1006401,130.66,42.4496,-6.9476,hydro,358.542144343085,Ourense,Galicia,27.0,10.0,327.528,57.8463,2.0,2.57045
89,cotasa,WRI1006403,14.071,40.0667,-0.2,gas,25.42814027095077,Castellón,Comunidad Valenciana,22.0,24.0,100.0,25.75,3.0,10.6667
90,cristobal colon,WRI1006404,390.94,37.2156,-6.943,gas,706.4797923051303,Huelva,Andalucía,37.0,23.28,265.0,80.3769,4.21703,3.7432199999999995
91,ct escombreras 5,WRI1006406,537.28,37.5645,-0.9513,oil,1625.769393214135,Murcia,Región de Murcia,28.0,30.0,200.0,38.0,5.0,14.0
92,ct guardo 2,WRI1006407,485.85,42.8261,-4.8463,coal,2505.499151231142,Palencia,Castilla y León,33.0,0.037674400000000004,304.58,71.0,0.46985200000000005,5.0
93,ct lada 4,WRI1006408,347.7,43.3082,-5.7001,coal,1793.0679322487765,Asturias,Principado de Asturias,56.0,27.0,626.6669999999999,27.25,7.0,24.0
94,ct santurce 2,WRI1006409,897.02,43.34,-3.0539,oil,2714.3159267066408,Bizkaia,Euskadi,29.0,9.0,150.0,59.0,4.5,8.0
95,ctcc as pontes  grupo 5,WRI1006410,855.67,43.4451,-7.8621,gas,1546.307780942679,A Coruña,Galicia,33.0,0.12154100000000001,342.548,57.9357,0.41536999999999996,3.9681300000000004
96,ctcc castejon  grupo 1,WRI1006412,424.91,42.1718,-1.6773,gas,767.868032302586,Navarra,Navarra,23.0,3.11571,375.0,50.0,2.05,6.8
97,ctcc castellon  grupo 4,WRI1006413,839.35,39.9592,-0.001,gas,1516.815403057531,Castellón,Comunidad Valenciana,22.0,24.0,100.0,25.75,3.0,11.5
98,ctcc escatron,WRI1006414,274.635,41.2977,-0.3376,gas,496.3014215985049,Zaragoza,Aragón,19.0,2.73139,381.76800000000003,42.0,0.0476721,8.0
99,ctcc escombreras,WRI1006415,815.64,37.5732,-0.9392,gas,1473.968327098165,Murcia,Región de Murcia,28.0,30.0,200.0,38.0,5.0,14.0
100,ctcc plana del vent 2,WRI1006416,819.03,40.9596,0.8692,gas,1480.0945011809256,Tarragona,Cataluña,23.0,25.0,400.0,14.0,1.0,18.0
101,ctcc sabon  grupo 3,WRI1006417,391.31,43.32899999999999,-8.503,gas,707.1484307743402,La Coruña,Galicia,33.0,0.549629,370.085,64.0,1.3,5.41937
102,ctcc soto de ribera  grupo 5,WRI1006418,854.1700000000003,43.3161,-5.8777,gas,1543.5970844458825,Asturias,Principado de Asturias,56.0,27.0,626.6669999999999,27.25,7.0,24.0
103,central de san pedro ii grupo 1,WRI1006331,23.11,38.7288,-2.005,hydro,63.415804039252215,Albacete,Castilla-La Mancha,37.0,23.0,310.0,28.0,2.0,27.0
104,doiras 1,WRI1006423,61.94,43.3891,-6.8232,hydro,169.968624067126,Asturias,Principado de Asturias,26.0,0.446457,326.276,56.0,1.35228,2.9346
105,duque,WRI1006425,12.56,36.9402,-3.361,hydro,34.465707431112406,Granada,Andalucía,36.0,11.300999999999998,215.0,78.51,1.1,2.32
106,ecocarburantes,WRI1006426,21.666,37.6051,-0.9862,gas,39.15330019973131,Murcia,Región de Murcia,28.0,30.0,200.0,38.0,5.0,14.0
107,el canto (ampliada con re-0951),WRI1006434,15.18,41.0845,-3.8599,wind,69.64195784211165,Segovia,Castilla y León,20.0,22.0,500.0,1.0,2.0,8.96445
108,el carche,WRI1006435,24.75,38.4545,-1.214,wind,113.5466703947472,Murcia,Región de Murcia,20.0,9.19885,381.76800000000003,30.8007,5.0,8.096919999999999
109,el cerro - ampliacion (de 1206),WRI1006436,30.0,40.3167,-5.9167,wind,137.63232775120878,Salamanca,Castilla y León,31.0,0.00397877,145.0,67.6667,0.55,2.13333
110,el moralejo ii,WRI1006440,12.0,38.9667,-1.2167,wind,55.052931100483505,Albacete,Castilla-La Mancha,69.0,4.9294,366.33,29.0,362.5,5.060569999999999
111,el negredo,WRI1006442,18.0,41.3268,-3.3144,wind,82.57939665072523,Segovia,Castilla y León,35.0,6.0,500.0,76.38,0.78883,2.64542
112,el paramo,WRI1006444,44.0,42.6487,-3.5904,wind,201.8607473684395,Burgos,Castilla y León,29.0,5.28498,317.514,60.7967,3.0,4.22518
113,el paramo,WRI1023632,24.0,42.4098,-3.7632,wind,110.10586220096701,Burgos,Castilla y León,28.0,5.28498,317.514,60.7967,5.0,4.22518
114,el pueyo,WRI1006446,14.0,42.3764,-0.0026,hydro,38.4171898117495,Huesca,Aragón,8.0,0.654924,364.661,18.0,1.5,5.5
115,el pulpal,WRI1006447,17.25,41.779,-1.9839,wind,79.13858845694503,Soria,Castilla y León,24.0,3.11571,375.0,51.0,1.0,8.3
116,ence - pontevedra $$,WRI1006454,26.62,42.4167,-8.6667,gas,48.105827163151815,Pontevedra,Galicia,22.0,19.0,105.0,47.0,1.075,5.13333
117,ence energia huelva  s.l.u. $$,WRI1006455,50.0,37.2583,-6.9508,gas,90.35654989322279,Huelva,Andalucía,33.0,23.28,265.0,70.6315,7.00355,3.4808199999999996
118,enemansa,WRI1006456,16.0,39.2379,-3.4233,oil,48.41481218624586,Ciudad Real,Castilla-La Mancha,26.0,6.07747,324.607,55.7005,0.284985,3.31481
119,energyworks carballo  s.l.,WRI1006460,13.18,43.213,-8.691,oil,39.88170153842001,A Coruña,Galicia,33.0,18.0,110.0,58.0,1.15,6.0
120,entrepenas grupo 1,WRI1006462,40.8,40.5175,-2.7925,hydro,111.95866745138426,Guadalajara,Castilla-La Mancha,21.0,3.21285,440.0,46.3128,0.0698492,3.4326199999999996
121,eriste 1,WRI1006463,87.6,42.5899,0.4927,hydro,240.38184482208973,Huesca,Aragón,16.0,0.5994189999999999,364.661,34.0,1.0,2.0
122,escales 1,WRI1006464,35.85,42.3161,0.7463,hydro,98.37544676794428,Huesca,Aragón,2.0,0.49405200000000005,100.0,4.0,0.138301,1.0
123,escatron,WRI1006465,804.36,41.2977,-0.3376,gas,1453.583889442254,Zaragoza,Aragón,19.0,2.73139,381.76800000000003,42.0,0.0476721,8.0
124,escatron gr 5,WRI1006466,65.0,41.2961,-0.3376,coal,335.20108023057367,Zaragoza,Aragón,19.0,2.73139,381.76800000000003,42.0,0.0476721,8.0
125,escombreras grupo 1,WRI1006467,1199.25,7.5732,-0.9392,gas,2167.201849188949,Atebubu-Amantin,Brong Ahafo Region,19.0,7.70352,654.221,7.09668,0.331085,1.94123
126,eume gr 1,WRI1006471,54.4,43.427,-8.0671,hydro,149.2782232685123,A Coruña,Galicia,33.0,0.549629,370.085,48.9056,1.71177,5.41937
127,extresol-1,WRI1006473,149.8,38.64,-6.744,solar,1007.5768897581822,Badajoz,Extremadura,33.0,0.0009053430000000001,316.262,70.6315,125.0,2.0992
128,fertimolina,WRI1006477,10.0,40.8436,-1.8876,gas,18.07130997864456,Guadalajara,Castilla-La Mancha,31.0,3.7652300000000003,299.573,66.2506,0.34133,1.30263
129,finsa-santiago,WRI1006480,23.96,42.8805,-8.5457,gas,43.29885870883237,A Coruña,Galicia,27.0,18.0,110.0,58.0,1.15,6.0
130,flix 1,WRI1006481,52.52,41.2331,0.5472,hydro,144.1193434937917,Tarragona,Cataluña,15.0,5.02302,400.0,31.37,0.67,9.5025
131,forestal del atlantico,WRI1006483,24.8,43.4604,-8.2551,oil,75.04295888868106,La Coruña,Galicia,33.0,0.549629,370.085,48.9056,1.71177,5.41937
132,frieira grupo 1,WRI1006486,160.61,42.1538,-8.1933,hydro,440.72748969036337,Ourense,Galicia,29.0,19.0,165.0,36.0,1.0,13.4667
133,fuente alamo iii,WRI1006489,75.0,37.7,-1.1,waste,265.16928056404515,Murcia,Región de Murcia,28.0,30.0,200.0,38.0,5.0,14.0
134,gabriel y galan,WRI1006492,110.4,40.2211,-6.132999999999999,hydro,302.94698251551034,Cáceres,Extremadura,31.0,0.043637199999999994,145.0,67.6667,0.55,2.13333
135,garona verda,WRI1006494,14.95,0.7046,42.8025,gas,27.016608418073613,Jilib,Jubbada Dhexe,10.0,6.9504399999999995,412.64300000000003,2.37487,0.015657900000000002,0.0350592
136,gensabon,WRI1006500,12.0,43.3048,-8.5075,gas,21.685571974373477,A Coruña,Galicia,33.0,0.800617,382.185,64.0,1.3,5.04986
137,grado,WRI1006504,27.2,39.877,-0.0558,wind,124.78664382776259,Castelló,Comunidad Valenciana,50.0,24.0,250.0,25.3333,0.182074,11.5
138,grado ii 1,WRI1006505,25.71,39.877,-0.0558,hydro,70.55042500429141,Castelló,Comunidad Valenciana,50.0,24.0,250.0,25.3333,0.182074,11.5
139,granadilla 1  gas 1,WRI1006506,693.34,28.0863,-16.4939,oil,2097.995367575731,Santa Cruz de Tenerife,Canarias,27.0,14.0,327.11,58.5714,4.0,7.25
140,grupo turbo-generador 2 tirme-son reus,WRI1006520,74.80000000000003,39.5694,2.6502,waste,264.4621624825411,Islas Baleares,Islas Baleares,42.0,24.826,367.165,32.3653,2.5,7.10087
141,guadalmena,WRI1006522,15.2,38.3119,-3.0422,hydro,41.71009179561374,Jaén,Andalucía,15.0,5.56688,340.04400000000004,31.6948,0.14458800000000002,20.0
142,guascor,WRI1006523,13.5,42.2793,-1.7463,gas,24.39626847117016,Navarra,Navarra,22.0,5.0,295.0,47.75,2.15,6.9
143,guia de isora gas 1,WRI1006524,43.1,28.2115,-16.7795,oil,130.41740032669978,Santa Cruz de Tenerife,Canarias,25.0,14.0,314.176,51.0,4.25,6.5
144,guijo de granadilla 2,WRI1006525,52.21,40.1935,-6.1634,hydro,143.2686771479601,Cáceres,Extremadura,31.0,0.043637199999999994,145.0,67.6667,0.55,2.13333
145,guillena 1,WRI1006526,207.99,37.641,-6.0724,hydro,570.7422363532701,Sevilla,Andalucía,34.0,16.4318,610.0,33.8852,1.75647,10.7316
146,hedroso-aciberos,WRI1006527,31.45,42.0357,-6.9054,wind,144.28455692585052,Zamora,Castilla y León,30.0,11.0,100.0,65.7141,0.522472,2.46335
147,helios i,WRI1006528,99.8,39.2385,-3.4749,solar,671.2695166746768,Ciudad Real,Castilla-La Mancha,25.0,27.0,324.607,16.0,4.0,40.0
148,horta medio ambiente,WRI1006533,14.94,42.8561,-7.1636,waste,52.8217206883578,Lugo,Galicia,32.0,0.12704400000000002,100.0,69.648,0.27660300000000004,1.0
149,hoya del moral,WRI1006534,40.8,38.8299,-3.5781,wind,187.17996574164383,Ciudad Real,Castilla-La Mancha,14.0,7.12437,320.85200000000003,31.0,0.11804500000000001,2.95066
150,ip 1,WRI1006560,88.85,42.7163,-0.5256,hydro,243.81195105528164,Huesca,Aragón,26.0,0.707755,358.403,55.5217,0.121072,2.22772
151,iznajar 1,WRI1006562,76.71000000000002,37.2667,-4.4143,hydro,210.49875931852176,Málaga,Andalucía,35.0,14.2686,400.543,76.0,0.680797,3.0
152,jinamar 10  gas 2,WRI1006564,234.46000000000004,28.0424,-15.4114,oil,709.4585540742003,Las Palmas,Canarias,29.0,19.0,311.673,52.3333,4.0,6.75
153,jose m oriol  grupo 4,WRI1006571,953.32,39.2438,-0.9317,hydro,2615.9910993812164,Valencia,Comunidad Valenciana,69.0,6.0,375.092,29.0,362.5,6.9188
154,la aljorra-cartagena,WRI1006574,27.17,37.4955,-1.4802,waste,96.06199137233476,Murcia,Región de Murcia,31.0,17.0153,200.0,36.4333,12.0,14.0
155,la barca 1,WRI1006575,52.09,28.3504,-14.1076,hydro,142.9393869495737,Las Palmas,Canarias,31.0,24.0,311.255,68.0,0.408385,0.7979109999999999
156,la calzada,WRI1006576,30.6,38.6739,-0.8133,wind,140.38497430623295,Alicante,Comunidad Valenciana,21.0,10.8879,389.278,33.5,2.145,10.6667
157,la dehesa,WRI1006578,49.9,38.9594,-6.464,solar,335.6347583373384,Badajoz,Extremadura,30.0,1.79174,270.0,63.926,125.0,4.38048
158,la florida,WRI1006580,49.9,38.8145,-6.8377,solar,335.6347583373384,Badajoz,Extremadura,34.0,0.0609682,327.11,72.5985,125.0,2.25985
159,la lora i,WRI1006583,49.6,42.7744,-4.1676,wind,227.55211521533184,Palencia,Castilla y León,30.0,3.0,296.652,65.0,0.5,1.5
160,la muela cortes 1,WRI1006586,634.0,39.2628,-0.9192,hydro,1739.749881474942,Valencia,Comunidad Valenciana,69.0,6.0,365.07800000000003,29.0,362.5,4.6643
161,la remolina gr 1,WRI1006591,83.19,42.9036,-5.1437,hydro,228.28043003138862,León,Castilla y León,33.0,0.0678382,321.269,71.0,1.0,5.0
162,la risca,WRI1006592,50.0,38.8269,-6.824,solar,336.3073730835053,Badajoz,Extremadura,34.0,0.0609682,327.11,72.5985,125.0,2.25985
163,la robla grupo 2,WRI1006593,619.06,42.7924,-5.634,coal,3192.4550881159835,León,Castilla y León,56.0,27.0,305.414,61.2438,9.0,3.8021199999999995
164,la sarra,WRI1006594,24.0,42.7713,-0.3345,hydro,65.85803967728486,Huesca,Aragón,3.0,0.717964,346.72,5.1,0.0777654,17.9
165,la serena,WRI1006595,22.0,38.732,-5.5439,hydro,60.36986970417778,Badajoz,Extremadura,29.0,9.86365,337.958,63.1213,2.61515,3.97884
166,la zarzuela,WRI1006598,41.8,36.0139,-5.6069,wind,191.7677100000175,Cádiz,Andalucía,50.0,23.6388,383.85400000000004,19.4907,9.37283,24.0
167,lafortunada cinca 1,WRI1006599,41.40000000000001,42.5741,0.1824,hydro,113.6051184433164,Huesca,Aragón,16.0,0.5994189999999999,364.661,34.0,1.0,2.0
168,lafortunada cinqueta 1,WRI1006600,40.8,42.5741,0.1824,hydro,111.95866745138426,Huesca,Aragón,16.0,0.5994189999999999,364.661,34.0,1.0,2.0
169,lanchal,WRI1006601,21.25,40.6336,-4.4669,wind,97.48956549043952,Ávila,Castilla y León,25.0,19.0,600.0,32.5,2.0,14.0
170,lanuza 1,WRI1006603,52.69,42.7238,-0.2817,hydro,144.58583794150582,Huesca,Aragón,9.0,0.654924,359.654,19.55,1.0,9.95
171,las conchas grupo 1,WRI1006604,49.38,42.4075,-7.5316,hydro,135.5029166360136,Lugo,Galicia,29.0,11.0,165.0,61.8696,0.280328,31.0
172,las ondinas gr 1,WRI1006607,82.46000000000002,42.8206,-6.4875,hydro,226.27724799120458,León,Castilla y León,26.0,10.0,320.435,56.0,2.0,3.5183
173,las picadas grupo 1,WRI1006610,24.32,40.3236,-4.2032,hydro,66.73614687298199,Madrid,Comunidad de Madrid,76.0,39.0,700.0,2.94333,1.0,45.0
174,las salinas 12  diesel 9,WRI1006611,72.11,28.5004,-13.8627,oil,218.19950667188672,Las Palmas,Canarias,31.0,24.0,315.845,68.0,0.530854,1.04023
175,las salinas 8  gas 2,WRI1006615,51.25,28.5004,-13.8627,oil,155.07869528406871,Las Palmas,Canarias,31.0,24.0,315.845,68.0,0.530854,1.04023
176,las salinas 9 (gas movil 1),WRI1006617,11.74,28.5004,-13.8627,oil,35.524368441657884,Las Palmas,Canarias,31.0,24.0,315.845,68.0,0.530854,1.04023
177,las vinas,WRI1006619,38.0,41.6704,-3.6892,wind,174.33428181819775,Burgos,Castilla y León,28.0,6.0,500.0,60.1709,1.8198,4.09666
178,lerida,WRI1006620,11.93,41.6167,0.6167,hydro,32.736933889583675,Lleida,Catalunya,12.0,3.76975,100.0,21.3236,0.34133,1.0
179,les colladetes i,WRI1006621,36.63,40.8667,0.7167,wind,168.0490721842259,Tarragona,Catalunya,23.0,25.0,400.0,27.9397,0.317581,18.0
180,les forques,WRI1006622,30.0,41.4833,1.2333,wind,137.63232775120878,Tarragona,Catalunya,23.0,25.0,400.0,11.5,1.0,12.0
181,litoral de almeria gr 2,WRI1006625,1119.59,36.9783,-1.9054,coal,5773.6581140822755,Almería,Andalucía,24.0,12.6567,372.171,38.1321,1.21258,12.0
182,llavorsi cardos 1,WRI1006626,52.4,42.4951,1.211,hydro,143.79005329540527,Lleida,Catalunya,14.0,14.0,300.0,30.5,1.0,14.0
183,los barrios,WRI1006636,570.05,36.1828,-5.42,coal,2939.7134736221306,Cádiz,Andalucía,35.0,20.1976,361.741,26.9562,4.5225,24.0
184,los castrios,WRI1006639,26.4,38.15,-1.0167,wind,121.11644842106371,Alicante,Comunidad Valenciana,17.0,5.0,384.68800000000005,19.2225,5.0,9.17865
185,los guinchos 15   gas movil 2,WRI1006642,67.3,28.6538,-17.7867,oil,203.64480375839662,Santa Cruz de Tenerife,Canarias,21.0,6.52196,322.10400000000004,45.0,5.0,26.0
186,los llanos,WRI1006648,38.0,36.4469,-5.2858,wind,174.33428181819775,Málaga,Andalucía,27.0,17.1534,394.702,48.0115,0.8819620000000001,24.0
187,los peares grupo 2,WRI1006651,181.02,42.4637,-7.7237,hydro,496.73426426592107,Lugo,Galicia,29.0,11.0,165.0,61.8696,0.280328,31.0
188,la muela ii grupo 4,WRI1006587,877.95,39.2438,-0.9317,hydro,2409.169413944677,Valencia,Comunidad Valenciana,69.0,6.0,375.092,29.0,362.5,6.9188
189,mahon 10  burmeister n 2,WRI1006655,195.2,39.8964,4.2597,oil,590.6607086721991,Illes Balears,Illes Balears,53.0,40.3229,338.376,56.5946,0.275206,2.35
190,mahon tg4,WRI1006662,50.0,39.8964,4.2597,gas,90.35654989322279,Illes Balears,Illes Balears,53.0,40.3229,338.376,56.5946,0.275206,2.35
191,majadas,WRI1006663,49.9,39.9687,-5.7417,solar,335.6347583373384,Cáceres,Extremadura,28.0,0.202016,145.0,61.0,125.0,2.7
192,mala1 (ctcc malaga),WRI1006664,415.509,36.7495,-4.5631,gas,750.8791937916625,Málaga,Andalucía,28.0,17.1229,338.0,59.8133,1.4361,10.6352
193,manchasol-2,WRI1006665,99.8,39.1838,-3.3119,solar,671.2695166746768,Ciudad Real,Castilla-La Mancha,26.0,6.07747,324.607,55.7005,0.284985,3.31481
194,mandeo-zarzo,WRI1006666,25.6,43.2347,-8.0171,hydro,70.24857565577052,A Coruña,Galicia,33.0,0.0750016,100.0,54.5382,0.406057,1.0
195,mediano 1,WRI1006670,66.97,42.3227,0.2438,hydro,183.77137154949028,Huesca,Aragón,8.0,0.5994189999999999,364.661,18.0,1.5,5.5
196,meirama grupo 1,WRI1006671,557.2,43.1685,-8.4111,coal,2873.446798530395,A Coruña,Galicia,33.0,18.0,110.0,58.0,1.15,6.0
197,melilla 13,WRI1006672,46.90000000000001,35.29,-2.94,oil,141.91591822093315,,Melilla,30.0,16.5169,348.389,30.1749,2.13832,19.6639
198,menuza,WRI1006675,27.715999999999998,41.3217,-0.3508,hydro,76.0550594873178,Zaragoza,Aragón,19.0,2.73139,381.76800000000003,42.0,0.0476721,8.0
199,mequinenza 1,WRI1006676,322.36,41.3687,0.2765,hydro,884.583236265398,Zaragoza,Aragón,17.0,3.3468400000000003,400.0,37.055,0.67,9.33667
200,michelin aranda,WRI1006677,31.866,41.6704,-3.6892,gas,57.58603637794876,Burgos,Castilla y León,28.0,6.0,500.0,60.1709,1.8198,4.09666
201,michelin valladolid $$,WRI1006678,46.0,41.6552,-4.7237,gas,83.12802590176497,Valladolid,Castilla y León,29.0,8.0,600.0,26.5,3.0,22.8333
202,montamara 1,WRI1006685,92.42,42.5758,1.1423,hydro,253.6083344572777,Lérida,Cataluña,14.0,14.0,300.0,30.5,1.0,14.0
203,montefurado 3,WRI1006689,44.29,42.4768,-7.2746,hydro,121.5355240544561,Lugo,Galicia,32.0,11.0,100.0,69.648,0.226777,2.27592
204,montejo de bricia,WRI1006690,13.6,40.6325,-5.6229,wind,62.393321913881294,Salamanca,Castilla y León,24.0,1.0,330.44800000000004,51.0,0.7255,2.76323
205,montija,WRI1006691,30.8,38.9503,-0.652,wind,141.3025231579077,Valencia,Comunidad Valenciana,15.0,6.0,375.092,32.0,2.145,6.0
206,moralets 1,WRI1006693,219.14,42.5787,0.7587,hydro,601.3387839533419,Lleida,Catalunya,2.0,0.49405200000000005,100.0,4.0,0.138301,1.0
207,mudefer,WRI1006695,57.6,41.0333,0.25,wind,264.2540692823208,Tarragona,Catalunya,54.0,3.35259,373.84,22.3741,0.132946,3.0
208,muela de moratalla,WRI1006697,49.5,38.9667,-1.2167,wind,227.0933407894944,Albacete,Castilla-La Mancha,69.0,4.9294,366.33,29.0,362.5,5.060569999999999
209,narcea grupo 3,WRI1006702,553.6400000000001,43.2924,-6.3937,coal,2855.0880932131518,Asturias,Principado de Asturias,33.0,0.9498139999999999,170.0,29.5,0.45867600000000003,13.0
210,neumaticos michelin-vitoria,WRI1006705,47.0,42.85,-2.6667,gas,84.93515689962943,Araba,Euskadi,28.0,13.0,245.0,61.0,4.2333300000000005,21.5
211,nufri,WRI1006706,10.0,41.6333,0.9,gas,18.07130997864456,Lleida,Catalunya,23.0,25.0,250.0,21.3236,1.0,1.0
212,olextra,WRI1006712,16.647000000000002,42.069,1.3135,waste,58.856973513995456,Lleida,Catalunya,14.0,14.0,300.0,30.5,1.0,14.0
213,oliana 3,WRI1006711,37.62,41.9397,1.1954,hydro,103.232477194144,Lérida,Cataluña,5.0,1.52605,100.0,4.0,0.0976725,1.0
214,p. e.  alaiz y ampliacion,WRI1006720,26.4,42.737,-1.6331,wind,121.11644842106371,Navarra,Navarra,26.0,8.0,100.0,55.9688,0.42282,3.73251
215,p. e.  carrasquillo,WRI1006724,49.3,42.1933,-4.2939,wind,226.17579193781967,Palencia,Castilla y León,31.0,4.0,324.607,67.1446,0.9741629999999999,3.18093
216,p. e.  escurrillo,WRI1006725,49.5,42.2142,-2.1649,wind,227.0933407894944,La Rioja,La Rioja,22.0,4.1518,490.0,47.75,2.46,6.9
217,p. e.  la carracha,WRI1006730,49.5,41.5801,-1.1172,wind,227.0933407894944,Zaragoza,Aragón,8.0,4.01,216.0,16.7675,3.975,32.122
218,p. e.  la gamoneda (ampliada con re-1814),WRI1006731,19.8,42.0357,-6.9054,wind,90.83733631579778,Zamora,Castilla y León,30.0,11.0,100.0,65.7141,0.522472,2.46335
219,p. e.  las lomillas,WRI1006732,49.5,39.5,-2.1667,wind,227.0933407894944,Cuenca,Castilla-La Mancha,11.0,2.96248,344.217,24.3187,0.05710169999999999,4.45545
220,p. e.  manzanal,WRI1006733,33.75,42.0286,-2.231,wind,154.83636872010985,Soria,Castilla y León,22.0,4.1518,490.0,47.75,2.46,6.9
221,p. e.  monte seixo-cando,WRI1006734,34.98,42.4,-8.4333,wind,160.47929415790938,Pontevedra,Galicia,22.0,19.0,105.0,47.0,1.075,5.13333
222,p. e.  nerea,WRI1006735,39.75,43.6604,-8.0572,wind,182.3628342703516,A Coruña,Galicia,33.0,0.549629,370.085,48.9056,1.71177,5.41937
223,p. e.  os corvos y  coucepenido,WRI1023526,33.0,43.6907,-7.957999999999998,wind,151.39556052632963,A Coruña,Galicia,33.0,0.12154100000000001,342.548,57.9357,0.41536999999999996,3.9681300000000004
224,p. e.  paxareiras- montevos (paxareiras i y ii a),WRI1006737,39.6,42.8233,-9.0891,wind,181.6746726315956,A Coruña,Galicia,24.0,18.0,110.0,52.0,1.0,6.0
225,p. e.  planas de pola,WRI1006738,35.64,41.918,-1.2534,wind,163.50720536843602,Zaragoza,Aragón,10.0,4.01,196.667,16.7675,3.975,32.122
226,p. e. ampliacion a la gamoneda (ampl. re-2623),WRI1006747,29.75,42.0357,-6.9054,wind,136.48539168661534,Zamora,Castilla y León,30.0,11.0,100.0,65.7141,0.522472,2.46335
227,p. e. ampliacion puerto de malaga,WRI1006748,12.85,37.5251,-7.4925,wind,58.95251372010108,Huelva,Andalucía,33.0,0.00735472,335.455,70.2739,0.235857,2.80072
228,p. e. ampliacion serra da loba (pena revolta),WRI1006749,10.0,43.3333,-8.0167,wind,45.87744258373625,A Coruña,Galicia,33.0,0.549629,370.085,48.9056,1.71177,5.41937
229,p. e. boqueron unificado,WRI1006753,49.5,41.8341,-1.5327,wind,227.0933407894944,Zaragoza,Aragón,24.0,3.11571,375.0,51.0,1.0,8.3
230,p. e. callejas,WRI1006755,49.5,39.6,-1.8,wind,227.0933407894944,Cuenca,Castilla-La Mancha,4.0,1.0,351.727,4.0,3.0,21.0
231,p. e. campalbo,WRI1006756,49.3,39.9,-1.2667,wind,226.17579193781967,Cuenca,Castilla-La Mancha,37.0,11.0,333.786,15.6667,3.5,18.0
232,p. e. carcelen,WRI1006759,49.6,38.9505,-2.5405,wind,227.55211521533184,Albacete,Castilla-La Mancha,24.0,4.4812,330.44800000000004,52.7501,0.17136300000000002,2.77394
233,p. e. castilfrio,WRI1023527,24.75,41.9461,-2.2822,wind,113.5466703947472,Soria,Castilla y León,22.0,4.1518,330.0,46.6667,2.825,6.433330000000001
234,p. e. cerro de la punta,WRI1006763,24.42,39.8667,-1.2167,wind,112.03271478948393,Cuenca,Castilla-La Mancha,37.0,11.0,333.786,15.6667,3.5,18.0
235,p. e. cerro del palo,WRI1006764,49.5,39.5,-2.1667,wind,227.0933407894944,Cuenca,Castilla-La Mancha,11.0,2.96248,344.217,24.3187,0.05710169999999999,4.45545
236,p. e. cerro vicente,WRI1006766,68.85,38.9209,-1.7202,wind,315.86619218902405,Albacete,Castilla-La Mancha,37.0,23.0,310.0,28.0,2.0,27.0
237,p. e. cinseiro,WRI1006769,12.0,42.0357,-6.9054,wind,55.052931100483505,Zamora,Castilla y León,30.0,11.0,100.0,65.7141,0.522472,2.46335
238,p. e. clares,WRI1006770,32.0,41.0337,-2.1434,wind,146.807816267956,Guadalajara,Castilla-La Mancha,32.0,4.5189699999999995,321.686,69.8268,0.28684699999999996,1.39768
239,p. e. cortijo de guerra i,WRI1006772,40.8,36.6865,-6.1361,wind,187.17996574164383,Cádiz,Andalucía,44.0,21.0678,378.01300000000003,19.6472,5.0,32.3877
240,p. e. cuesta colorada,WRI1006774,49.5,39.4085,-2.2017,wind,227.0933407894944,Cuenca,Castilla-La Mancha,11.0,2.96248,344.217,24.3187,0.05710169999999999,4.45545
241,p. e. cuesta manera,WRI1006775,49.5,41.9161,-4.7803,wind,227.0933407894944,Palencia,Castilla y León,29.0,8.0,600.0,26.5,3.0,22.8333
242,p. e. de higueruela,WRI1006778,37.6,39.8667,-1.2167,wind,172.49918411484833,Cuenca,Castilla-La Mancha,37.0,11.0,333.786,15.6667,3.5,18.0
243,p. e. de malpica,WRI1006779,16.575,43.3228,-8.8105,wind,76.04186108254284,A Coruña,Galicia,30.0,0.800617,382.185,64.0,1.3,5.04986
244,p. e. de montouto,WRI1006780,20.46,43.3,-7.6833,wind,93.86524752632437,Lugo,Galicia,27.0,0.12154100000000001,100.0,57.9357,0.41536999999999996,1.0
245,p. e. de paxareiras ii b (adrano),WRI1006781,21.6,42.8233,-9.0891,wind,99.0952759808703,A Coruña,Galicia,24.0,18.0,110.0,52.0,1.0,6.0
246,p. e. el cayo,WRI1006788,24.75,41.992,-2.3283,wind,113.5466703947472,Soria,Castilla y León,22.0,4.1518,330.0,46.6667,2.825,6.433330000000001
247,p. e. el hierro,WRI1006791,38.4,41.6698,-5.931,wind,176.1693795215472,Zamora,Castilla y León,34.0,0.0761773,309.587,73.1,2.0,5.115
248,p. e. el perdon,WRI1006792,20.0,42.7485,-1.7226,wind,91.7548851674725,Navarra,Navarra,23.0,8.0,150.0,49.0,3.1,5.3
249,p. e. el pilar,WRI1006794,15.0,41.5801,-1.1172,wind,68.81616387560436,Zaragoza,Aragón,8.0,4.01,216.0,16.7675,3.975,32.122
250,p. e. el redondal (2 fase 28/3/05),WRI1006797,30.6,42.5794,-6.4684,wind,140.38497430623295,León,Castilla y León,28.0,10.0,308.335,59.9921,2.0,2.5329599999999997
251,p. e. el sardon,WRI1006798,25.5,36.7702,-2.9543,wind,116.98747858852744,Almería,Andalucía,31.0,33.66,234.667,39.0,3.0,28.0
252,p. e. entredicho,WRI1006800,36.0,41.3424,-0.9599,wind,165.1587933014505,Zaragoza,Aragón,8.0,4.01,216.0,16.7675,3.975,32.122
253,p. e. escalon,WRI1006801,30.0,40.1669,-4.4048,wind,137.63232775120878,Toledo,Castilla-La Mancha,14.0,6.95292,700.0,30.756,0.148546,14.0
254,p. e. fuendetodos ii (unificado),WRI1006802,47.2,41.3424,-0.9599,wind,216.5415289952351,Zaragoza,Aragón,8.0,4.01,216.0,16.7675,3.975,32.122
255,p. e. la cabana,WRI1006806,41.65,39.234,-3.8525,wind,191.07954836126143,Ciudad Real,Castilla-La Mancha,25.0,27.0,320.85200000000003,16.0,4.0,40.0
256,p. e. la cuerda,WRI1006808,31.02,38.8346,-1.4603,wind,142.31182689474986,Albacete,Castilla-La Mancha,69.0,4.9294,366.33,40.7249,362.5,5.060569999999999
257,p. e. la muela norte (unificado),WRI1006810,29.75,41.5801,-1.1172,wind,136.48539168661534,Zaragoza,Aragón,8.0,4.01,216.0,16.7675,3.975,32.122
258,p. e. la muneca,WRI1006811,40.5,39.2167,-2.15,wind,185.80364246413185,Albacete,Castilla-La Mancha,37.0,23.0,310.0,28.0,2.0,27.0
259,p. e. la penuca,WRI1006813,33.0,41.1748,-6.5194,wind,151.39556052632963,Salamanca,Castilla y León,30.0,0.201943,338.793,65.0883,0.148779,3.02563
260,p. e. la plata,WRI1006814,21.25,39.9856,-3.369,wind,97.48956549043952,Toledo,Castilla-La Mancha,76.0,39.0,324.607,4.415,0.28545,49.4
261,p. e. la serreta (unificado con ampliacion),WRI1006815,49.5,41.6336,-1.2744,wind,227.0933407894944,Zaragoza,Aragón,8.0,4.01,216.0,16.7675,3.975,32.122
262,p. e. las cabrillas,WRI1006819,28.5,40.5327,-0.2625,wind,130.75071136364832,Castellón,Comunidad Valenciana,54.0,24.0,385.106,18.5,3.0,3.0
263,p. e. los alburejos,WRI1006826,10.0,36.4569,-5.9272,wind,45.87744258373625,Cádiz,Andalucía,34.0,19.7257,384.68800000000005,24.721,5.0,24.0
264,p. e. los almendros ii,WRI1006827,28.0,38.4792,-1.325,wind,128.4568392344615,Murcia,Región de Murcia,20.0,9.19885,381.76800000000003,30.8007,5.0,8.096919999999999
265,p. e. los cantales,WRI1006829,23.54,41.6336,-1.2744,wind,107.99549984211514,Zaragoza,Aragón,8.0,4.01,216.0,16.7675,3.975,32.122
266,p. e. los reventones,WRI1006832,34.0,38.4792,-1.325,wind,155.98330478470325,Murcia,Región de Murcia,20.0,9.19885,381.76800000000003,30.8007,5.0,8.096919999999999
267,p. e. magallon 26,WRI1006834,10.8,41.8325,-1.4598,wind,49.54763799043515,Zaragoza,Aragón,24.0,2.9750099999999997,375.0,51.0,1.0,8.3
268,p. e. magana,WRI1006835,24.75,41.9009,-2.1627,wind,113.5466703947472,Soria,Castilla y León,24.0,4.1518,650.0,51.6667,2.16667,7.16667
269,p. e. mallen,WRI1006837,29.8,41.0475,-2.2048,wind,136.71477889953402,Guadalajara,Castilla-La Mancha,32.0,4.5189699999999995,321.686,69.8268,0.28684699999999996,1.39768
270,p. e. maranchon i,WRI1006838,66.0,41.0475,-2.2048,wind,302.79112105265926,Guadalajara,Castilla-La Mancha,32.0,4.5189699999999995,321.686,69.8268,0.28684699999999996,1.39768
271,p. e. maranchon sur,WRI1006839,12.0,41.0475,-2.2048,wind,55.052931100483505,Guadalajara,Castilla-La Mancha,32.0,4.5189699999999995,321.686,69.8268,0.28684699999999996,1.39768
272,p. e. maza,WRI1006840,49.5,39.6,-1.8,wind,227.0933407894944,Cuenca,Castilla-La Mancha,4.0,1.0,351.727,4.0,3.0,21.0
273,p. e. monasterio de rodilla,WRI1006842,11.4,38.0833,-6.2667,wind,52.30028454545933,Badajoz,Extremadura,36.0,11.2042,200.0,77.0,125.0,2.3
274,p. e. muel,WRI1006846,16.2,41.4663,-1.085,wind,74.32145698565273,Zaragoza,Aragón,8.0,4.01,216.0,16.7675,3.975,32.122
275,p. e. pla de embalague,WRI1006851,36.0,40.5327,-0.2625,wind,165.1587933014505,Castellón,Comunidad Valenciana,54.0,24.0,385.106,18.5,3.0,3.0
276,p. e. plana de jarreta,WRI1006852,49.5,41.5801,-1.1172,wind,227.0933407894944,Zaragoza,Aragón,8.0,4.01,216.0,16.7675,3.975,32.122
277,p. e. rio gallego (unificado),WRI1006856,36.0,41.6544,-0.8494,wind,165.1587933014505,Zaragoza,Aragón,8.0,4.01,216.0,16.7675,3.975,32.122
278,p. e. san esteban fase i,WRI1006858,66.47,42.4171,-7.7498,wind,304.9473608540949,Ourense,Galicia,29.0,11.0,165.0,61.8696,0.280328,31.0
279,p. e. santa quiteria,WRI1006861,36.0,42.0425,-0.5814,wind,165.1587933014505,Huesca,Aragón,8.0,4.01,216.0,16.7675,3.975,32.122
280,p. e. serra da loba,WRI1006864,36.0,43.3126,-7.9146,wind,165.1587933014505,Lugo,Galicia,33.0,0.12154100000000001,100.0,57.9357,0.41536999999999996,1.0
281,p. e. serra do cando,WRI1006865,29.23,42.4,-8.4333,wind,134.09976467226107,Pontevedra,Galicia,22.0,19.0,105.0,47.0,1.075,5.13333
282,p. e. sierra costera  ii,WRI1006867,40.8,40.7081,-0.9149,wind,187.17996574164383,Teruel,Aragón,17.0,5.62409,394.285,36.0,3.0,23.0
283,p. e. sierra de los lagos,WRI1006871,38.94,43.2731,-6.6215,wind,178.64676142106896,Asturias,Principado de Asturias,26.0,0.446457,326.276,56.0,1.35228,2.9346
284,p. e. silvarredonda,WRI1006877,16.9,43.2004,-8.8728,wind,77.53287796651426,A Coruña,Galicia,27.0,18.0,110.0,58.0,1.15,6.0
285,p. e. tijola,WRI1006879,36.0,37.3461,-2.4333,wind,165.1587933014505,Almería,Andalucía,19.0,6.02159,352.561,40.1884,0.345986,12.0
286,p. e. valparaiso,WRI1006882,41.25,42.0228,-6.3303,wind,189.24445065791198,Zamora,Castilla y León,30.0,0.19733499999999998,314.593,64.8201,0.227708,2.3803400000000003
287,p. e. valpardo,WRI1006883,21.25,40.594,-4.4115,wind,97.48956549043952,Ávila,Castilla y León,25.0,19.0,600.0,32.5,2.0,14.0
288,p. e. vedadillo,WRI1006884,49.5,42.3897,-1.7932,wind,227.0933407894944,Navarra,Navarra,22.0,5.0,295.0,47.75,2.15,6.9
289,p. e. virgen de belen i (ampl. 10000 kw  2-2-06),WRI1006885,57.52,38.8795,-1.3123,wind,263.88704974165097,Albacete,Castilla-La Mancha,69.0,4.9294,366.33,29.0,362.5,5.060569999999999
290,p. e. virgen de los llanos i,WRI1023528,49.5,38.9722,-1.4518,wind,227.0933407894944,Albacete,Castilla-La Mancha,69.0,4.9294,366.33,40.7249,362.5,5.060569999999999
291,p. e.muela de tortosilla,WRI1006888,36.96,38.9667,-1.2167,wind,169.56302778948918,Albacete,Castilla-La Mancha,69.0,4.9294,366.33,29.0,362.5,5.060569999999999
292,p.e . pedregoso b,WRI1006892,14.85,36.0139,-5.6069,wind,68.12800223684833,Cádiz,Andalucía,50.0,23.6388,383.85400000000004,19.4907,9.37283,24.0
293,p.e.  alabe-montemayor sur,WRI1006899,12.75,43.3667,-7.4833,wind,58.49373929426372,Lugo,Galicia,30.0,0.128797,100.0,63.8366,0.308268,1.0
294,p.e.  alabe-terral,WRI1006900,27.0,43.3667,-7.4833,wind,123.86909497608788,Lugo,Galicia,30.0,0.128797,100.0,63.8366,0.308268,1.0
295,p.e.  buio,WRI1006902,40.3,43.2674,-8.7833,wind,184.88609361245707,A Coruña,Galicia,30.0,0.800617,382.185,64.0,1.3,5.04986
296,p.e.  de barbanza,WRI1006904,19.8,42.7248,-9.0053,wind,90.83733631579778,La Coruña,Galicia,27.0,18.0,110.0,58.0,1.15,6.0
297,p.e.  hoya gonzalo,WRI1006910,49.5,38.9579,-1.5568,wind,227.0933407894944,Albacete,Castilla-La Mancha,69.0,3.37499,358.82,33.7958,362.5,4.72856
298,p.e.  pedregoso a,WRI1006912,14.85,36.0139,-5.6069,wind,68.12800223684833,Cádiz,Andalucía,50.0,23.6388,383.85400000000004,19.4907,9.37283,24.0
299,p.e.  rabosera,WRI1006913,31.35,42.0482,-0.9103,wind,143.82578250001316,Zaragoza,Aragón,8.0,4.01,216.0,16.7675,3.975,32.122
300,p.e.  rioboo,WRI1006914,20.8,42.6333,-7.95,wind,95.4250805741714,Pontevedra,Galicia,29.0,0.051291199999999995,230.0,61.8696,0.280328,31.0
301,p.e.  tea,WRI1006916,48.1,42.2167,-8.3667,wind,220.67049882777138,Pontevedra,Galicia,29.0,19.0,165.0,36.0,1.0,13.4667
302,p.e. aldeavieja,WRI1006925,14.52,40.7067,-4.5002,wind,66.61404663158504,Ávila,Castilla y León,25.0,19.0,600.0,32.5,2.0,14.0
303,p.e. alijar,WRI1006927,24.0,36.6865,-6.1361,wind,110.10586220096701,Cádiz,Andalucía,44.0,21.0678,378.01300000000003,19.6472,5.0,32.3877
304,p.e. almaren unificado,WRI1006928,11.9,41.486,-1.595,wind,54.594156674646136,Zaragoza,Aragón,14.0,3.5973599999999997,300.0,31.0,4.0,18.0
305,p.e. almodovar ii,WRI1006930,28.5,37.8107,-5.0204,wind,130.75071136364832,Córdoba,Andalucía,30.0,16.7087,355.065,50.0679,1.4826700000000002,38.0
306,p.e. ampliacion hedroso aciberos,WRI1006937,14.0,42.0357,-6.9054,wind,64.22841961723076,Zamora,Castilla y León,30.0,11.0,100.0,65.7141,0.522472,2.46335
307,p.e. belmonte,WRI1023529,34.85,43.3081,-6.2688,wind,159.88288740432085,Asturias,Principado de Asturias,33.0,23.0,390.0,40.0,4.0,14.5
308,p.e. bullana,WRI1006948,38.0,42.9684,-7.0854,wind,174.33428181819775,Lugo,Galicia,32.0,0.12704400000000002,100.0,69.648,0.27660300000000004,1.0
309,p.e. cabezuelo,WRI1006952,30.0,39.2333,-1.75,wind,137.63232775120878,Albacete,Castilla-La Mancha,37.0,23.0,310.0,28.0,2.0,27.0
310,p.e. calares,WRI1006954,50.0,40.7767,-1.6498,wind,229.38721291868129,Guadalajara,Castilla-La Mancha,31.0,3.7652300000000003,299.573,66.2506,0.34133,1.30263
311,p.e. caldereros,WRI1006955,19.8,40.8131,-1.5964,wind,90.83733631579778,Guadalajara,Castilla-La Mancha,31.0,3.7652300000000003,299.573,66.2506,0.34133,1.30263
312,p.e. campisabalos,WRI1006957,24.42,43.3828,-4.0024,wind,112.03271478948393,Cantabria,Cantabria,53.0,8.0,133.333,61.7917,277.778,3.13889
313,p.e. canredondo i,WRI1006959,28.0,40.8126,-2.4938,wind,128.4568392344615,Guadalajara,Castilla-La Mancha,32.0,4.5189699999999995,321.686,69.8268,0.28684699999999996,1.39768
314,p.e. caramonte,WRI1006962,49.94,41.1722,-2.4348,wind,229.11194826317882,Soria,Castilla y León,32.0,4.5189699999999995,321.686,69.8268,0.28684699999999996,1.39768
315,p.e. carballeira,WRI1006963,24.42,42.4168,-7.7639999999999985,wind,112.03271478948393,Ourense,Galicia,29.0,11.0,165.0,61.8696,0.280328,31.0
316,p.e. cerro blanco,WRI1006975,42.0,42.5273,-3.4383,wind,192.68525885169223,Burgos,Castilla y León,31.0,10.0,296.235,66.4294,2.33333,6.0
317,p.e. cerro del calderon,WRI1006978,49.5,39.4085,-2.2017,wind,227.0933407894944,Cuenca,Castilla-La Mancha,11.0,2.96248,344.217,24.3187,0.05710169999999999,4.45545
318,p.e. cerro el colinete,WRI1006980,11.05,41.8804,-4.3624,wind,50.69457405502856,Palencia,Castilla y León,29.0,8.0,600.0,26.5,3.0,22.8333
319,p.e. cerros de radona,WRI1006984,40.0,41.2513,-2.5268,wind,183.509770334945,Soria,Castilla y León,18.0,12.0,322.938,39.0,2.0,41.0
320,p.e. chantada,WRI1006986,48.0,42.6088,-7.7712,wind,220.21172440193402,Lugo,Galicia,29.0,0.051291199999999995,165.0,61.8696,0.280328,16.0
321,p.e. cieza,WRI1006988,20.0,38.24,-1.4199,wind,91.7548851674725,Murcia,Región de Murcia,22.0,11.0,384.68800000000005,19.2225,5.0,9.17865
322,p.e. corzan,WRI1006994,36.0,42.904,-8.7427,wind,165.1587933014505,La Coruña,Galicia,27.0,18.0,110.0,58.0,1.15,6.0
323,p.e. de castelo,WRI1006999,16.5,43.2384,-8.3843,wind,75.69778026316482,A Coruña,Galicia,33.0,0.0750016,354.648,64.0,1.3,5.32833
324,p.e. de monte da serra,WRI1007001,14.4,43.5333,-7.9333,wind,66.0635173205802,A Coruña,Galicia,33.0,0.12154100000000001,342.548,57.9357,0.41536999999999996,3.9681300000000004
325,p.e. de monte marban,WRI1007002,11.4,43.5333,-7.9333,wind,52.30028454545933,A Coruña,Galicia,33.0,0.12154100000000001,342.548,57.9357,0.41536999999999996,3.9681300000000004
326,p.e. de tortosa,WRI1007003,29.9,40.8125,0.5216,wind,137.1735533253714,Tarragona,Catalunya,18.0,5.02302,401.795,39.5,3.0,7.66667
327,p.e. do vilan,WRI1007005,16.9,37.1766,-2.9502,wind,77.53287796651426,Granada,Andalucía,31.0,33.66,330.0,19.0,2.0,38.0
328,p.e. dolar 1,WRI1007006,99.0,37.1766,-2.9502,wind,454.1866815789888,Granada,Andalucía,31.0,33.66,330.0,19.0,2.0,38.0
329,p.e. echague,WRI1007008,23.1,42.6525,-1.626,wind,105.97689236843071,Navarra,Navarra,23.0,8.0,375.0,50.0,2.05,6.8
330,p.e. el conjuro,WRI1007014,13.6,36.7507,-3.5179,wind,62.393321913881294,Granada,Andalucía,36.0,13.5171,215.0,78.51,1.1,2.32
331,p.e. el coterejon i,WRI1007015,18.0,40.4532,-4.4647,wind,82.57939665072523,Ávila,Castilla y León,25.0,11.9179,700.0,32.5,1.0,14.0
332,p.e. el granado,WRI1007019,14.45,41.0983,-2.5741,wind,66.29290453349887,Guadalajara,Castilla-La Mancha,25.0,4.38159,322.938,53.9124,0.198139,2.76323
333,p.e. el guijo ii,WRI1007020,64.0,41.0983,-2.5741,wind,293.615632535912,Guadalajara,Castilla-La Mancha,25.0,4.38159,322.938,53.9124,0.198139,2.76323
334,p.e. el moral,WRI1007021,40.0,38.8299,-3.5781,wind,183.509770334945,Ciudad Real,Castilla-La Mancha,14.0,7.12437,320.85200000000003,31.0,0.11804500000000001,2.95066
335,p.e. el picazo,WRI1007026,14.0,39.45,-2.0833,wind,64.22841961723076,Cuenca,Castilla-La Mancha,37.0,23.0,310.0,28.0,2.0,27.0
336,p.e. el pino,WRI1007027,24.6,36.1848,-5.4921,wind,112.85850875599121,Cádiz,Andalucía,35.0,20.1976,361.741,26.9562,4.5225,24.0
337,p.e. el romeral,WRI1007030,14.45,37.4712,-5.6461,wind,66.29290453349887,Sevilla,Andalucía,31.0,14.4311,610.0,16.3168,0.291038,13.2164
338,p.e. elgea-urkilla,WRI1007034,32.3,43.1,-2.6333,wind,148.1841395454681,Bizkaia,Euskadi,29.0,13.0,213.333,61.0,4.5,17.0
339,p.e. en robres,WRI1007037,24.0,41.8675,-0.4609,wind,110.10586220096701,Huesca,Aragón,8.0,4.01,216.0,16.7675,3.975,32.122
340,p.e. farrapa i,WRI1007042,20.0,43.3667,-7.4833,wind,91.7548851674725,Lugo,Galicia,30.0,0.128797,100.0,63.8366,0.308268,1.0
341,p.e. ferreira 2,WRI1007043,49.5,-2.9997,37.2174,wind,227.0933407894944,,Kilimanjaro Region,3.0,0.191943,339.62699999999995,1.55345,0.12456400000000001,0.781845
342,p.e. folch ii,WRI1023535,64.5,-0.2108,40.4682,wind,295.9095046650988,,Garissa County,3.0,0.320873,390.53,3.9450800000000004,0.027270299999999997,0.0347245
343,p.e. fuendetodos i,WRI1007050,46.0,41.3424,-0.9599,wind,211.0362358851868,Zaragoza,Aragón,8.0,4.01,216.0,16.7675,3.975,32.122
344,p.e. hinojal i,WRI1007055,14.0,36.0139,-5.6069,wind,64.22841961723076,Cádiz,Andalucía,50.0,23.6388,383.85400000000004,19.4907,9.37283,24.0
345,p.e. la celaya,WRI1007064,28.8,37.3449,-2.5091,wind,132.1270346411604,Almería,Andalucía,12.0,5.28758,343.8,27.0009,0.14645,12.0
346,p.e. la cerradilla,WRI1007065,63.5,37.3449,-2.5091,wind,291.3217604067252,Almería,Andalucía,12.0,5.28758,343.8,27.0009,0.14645,12.0
347,p.e. la cotera,WRI1007066,18.0,43.3598,-4.3493,wind,82.57939665072523,Cantabria,Cantabria,30.0,0.103709,327.945,64.4624,0.226079,0.89
348,p.e. la dehesica,WRI1007067,28.5,39.2167,-2.15,wind,130.75071136364832,Albacete,Castilla-La Mancha,37.0,23.0,310.0,28.0,2.0,27.0
349,p.e. la fuensanta,WRI1007071,49.5,38.6492,-1.98,wind,227.0933407894944,Albacete,Castilla-La Mancha,37.0,23.0,310.0,28.0,2.0,27.0
350,p.e. la herreria,WRI1007072,44.8,36.0139,-5.6069,wind,205.53094277513839,Cádiz,Andalucía,50.0,23.6388,383.85400000000004,19.4907,9.37283,24.0
351,p.e. la losilla,WRI1007075,11.9,38.9209,-1.7202,wind,54.594156674646136,Albacete,Castilla-La Mancha,37.0,23.0,310.0,28.0,2.0,27.0
352,p.e. la muela i,WRI1007077,49.5,39.4085,-2.2017,wind,227.0933407894944,Cuenca,Castilla-La Mancha,11.0,2.96248,344.217,24.3187,0.05710169999999999,4.45545
353,p.e. la pena i,WRI1007078,69.0,42.0439,-3.937,wind,316.5543538277801,Burgos,Castilla y León,29.0,6.0,500.0,61.6908,5.0,4.55184
354,p.e. la torrecilla,WRI1007084,38.25,40.8127,-0.8454,wind,175.48121788279113,Teruel,Aragón,17.0,3.52451,342.131,36.0,3.0,23.0
355,p.e. la zarzuela ii,WRI1007087,16.0,36.0139,-5.6069,wind,73.403908133978,Cádiz,Andalucía,50.0,23.6388,383.85400000000004,19.4907,9.37283,24.0
356,p.e. larriba - hornillos (2 fase 31/5/05),WRI1007090,32.0,42.18899999999999,-2.2951,wind,146.807816267956,La Rioja,La Rioja,22.0,4.1518,330.0,46.6667,2.825,6.433330000000001
357,p.e. las pardas,WRI1007093,49.5,41.8804,-4.3624,wind,227.0933407894944,Palencia,Castilla y León,29.0,8.0,600.0,26.5,3.0,22.8333
358,p.e. leboreiro,WRI1007096,21.12,43.4668,-7.7238,wind,96.89315873685095,Lugo,Galicia,33.0,0.12154100000000001,100.0,57.9357,0.41536999999999996,1.0
359,p.e. lezuza,WRI1007098,30.0,38.9497,-2.3542,wind,137.63232775120878,Albacete,Castilla-La Mancha,37.0,23.0,310.0,28.0,2.0,27.0
360,p.e. los labrados,WRI1007115,24.0,41.5558,-0.9601,wind,110.10586220096701,Zaragoza,Aragón,8.0,4.01,216.0,16.7675,3.975,32.122
361,p.e. los llanos,WRI1007116,33.4,36.4469,-5.2858,wind,153.23065822967908,Málaga,Andalucía,27.0,17.1534,394.702,48.0115,0.8819620000000001,24.0
362,p.e. lubian,WRI1007122,50.0,42.0357,-6.9054,wind,229.38721291868129,Zamora,Castilla y León,30.0,11.0,100.0,65.7141,0.522472,2.46335
363,p.e. majales,WRI1007125,49.5,38.6722,-2.4099,wind,227.0933407894944,Albacete,Castilla-La Mancha,18.0,3.57352,337.541,39.5179,0.14901199999999998,2.76859
364,p.e. majogazas,WRI1007126,49.5,39.1667,-3.8542,wind,227.0933407894944,Ciudad Real,Castilla-La Mancha,22.0,7.12437,320.85200000000003,47.7433,3.0,2.95066
365,p.e. malagon ii,WRI1007127,50.0,39.2741,-4.0554,wind,229.38721291868129,Ciudad Real,Castilla-La Mancha,27.0,6.750089999999999,318.76599999999996,58.7404,0.219559,1.39
366,p.e. manzanera,WRI1007128,25.5,40.6377,-0.3404,wind,116.98747858852744,Castellón,Comunidad Valenciana,54.0,3.01776,385.106,18.5,3.0,3.0
367,p.e. monte cabeza,WRI1007137,36.8,42.6661,-7.8861,wind,168.82898870814938,Lugo,Galicia,29.0,0.051291199999999995,165.0,61.8696,0.280328,16.0
368,p.e. monte cabeza,WRI1023639,36.8,42.7422,-7.9383,wind,168.82898870814938,Lugo,Galicia,29.0,0.051291199999999995,165.0,61.8696,0.280328,16.0
369,p.e. monte carrio  (antes monte castelo),WRI1007138,31.45,42.6609,-8.1129,wind,144.28455692585052,Pontevedra,Galicia,29.0,18.0,170.0,58.0,1.15,18.5
370,p.e. monte esquinza - san cristobal,WRI1007139,15.75,42.25,-7.3833,wind,72.25697206938459,Ourense,Galicia,33.0,11.0,165.0,71.5256,0.6956979999999999,31.0
371,p.e. muela de todolella,WRI1007145,40.5,39.0422,-2.4807,wind,185.80364246413185,Albacete,Castilla-La Mancha,16.0,2.95927,339.21,35.2263,0.047031800000000006,3.06312
372,p.e. munilla-lasanta,WRI1023537,46.0,42.2051,-2.3827,wind,211.0362358851868,La Rioja,La Rioja,22.0,4.1518,330.0,46.6667,2.825,6.433330000000001
373,p.e. murias ii,WRI1007147,84.80000000000003,43.1615,-5.6234,wind,389.04071311008346,Asturias,Principado de Asturias,56.0,27.0,626.6669999999999,27.25,7.0,24.0
374,p.e. oncala,WRI1007152,24.75,41.9503,-2.2998,wind,113.5466703947472,Soria,Castilla y León,22.0,4.1518,330.0,46.6667,2.825,6.433330000000001
375,p.e. paramo vega,WRI1007157,18.0,42.6487,-3.5904,wind,82.57939665072523,Burgos,Castilla y León,29.0,5.28498,317.514,60.7967,3.0,4.22518
376,p.e. paxareiras ii-c (virxe do monte),WRI1007158,19.2,42.8233,-9.0891,wind,88.0846897607736,A Coruña,Galicia,24.0,18.0,110.0,52.0,1.0,6.0
377,p.e. pedra chantada,WRI1007159,21.78,42.6088,-7.7712,wind,99.92106994737756,Lugo,Galicia,29.0,0.051291199999999995,165.0,61.8696,0.280328,16.0
378,p.e. pedregal tremuzo,WRI1007160,44.6,42.7762,-9.0603,wind,204.61339392346366,La Coruña,Galicia,27.0,18.0,110.0,58.0,1.15,6.0
379,p.e. pedregoso d,WRI1007161,14.85,36.0139,-5.6069,wind,68.12800223684833,Cádiz,Andalucía,50.0,23.6388,383.85400000000004,19.4907,9.37283,24.0
380,p.e. pena armada,WRI1007162,20.7,42.25,-7.3833,wind,94.96630614833404,Ourense,Galicia,33.0,11.0,165.0,71.5256,0.6956979999999999,31.0
381,p.e. pena da cruz,WRI1007163,22.95,42.25,-7.3833,wind,105.28873072967473,Ourense,Galicia,33.0,11.0,165.0,71.5256,0.6956979999999999,31.0
382,p.e. pena forcada,WRI1007166,33.8,43.1653,-9.1125,wind,155.06575593302853,A Coruña,Galicia,107.0,1.34138,398.457,60.47,562.5,3.78
383,p.e. penas grandes,WRI1007171,14.4,42.4667,-8.4667,wind,66.0635173205802,Pontevedra,Galicia,22.0,19.0,105.0,47.0,1.075,5.13333
384,p.e. pico collalbas,WRI1007172,30.0,39.8667,-1.6333,wind,137.63232775120878,Cuenca,Castilla-La Mancha,27.0,29.0,335.038,7.0,4.5,37.0
385,p.e. pico gallo,WRI1007173,24.42,43.3377,-6.4145,wind,112.03271478948393,Asturias,Principado de Asturias,33.0,0.9498139999999999,170.0,29.5,0.45867600000000003,13.0
386,p.e. plana de la balsa,WRI1007175,24.0,41.5558,-0.9601,wind,110.10586220096701,Zaragoza,Aragón,8.0,4.01,216.0,16.7675,3.975,32.122
387,p.e. plana de maria,WRI1007176,24.0,41.5388,-0.9962,wind,110.10586220096701,Zaragoza,Aragón,8.0,4.01,216.0,16.7675,3.975,32.122
388,p.e. plana de zaragoza,WRI1007177,24.0,41.5801,-1.1172,wind,110.10586220096701,Zaragoza,Aragón,8.0,4.01,216.0,16.7675,3.975,32.122
389,p.e. ponte rebordelo,WRI1007179,40.3,43.0084,-9.1133,wind,184.88609361245707,A Coruña,Galicia,107.0,1.34138,398.457,60.47,562.5,3.78
390,p.e. prejano-enciso,WRI1007181,29.75,42.1865,-2.18,wind,136.48539168661534,La Rioja,La Rioja,22.0,4.1518,490.0,47.75,2.46,6.9
391,p.e. quinoneria i,WRI1007186,36.55,41.351000000000006,-2.4737,wind,167.682052643556,Soria,Castilla y León,15.0,12.0,304.997,33.5,2.5,22.5
392,p.e. radona i,WRI1007187,80.42,41.3006,-2.475,wind,368.9463932584069,Soria,Castilla y León,18.0,12.0,304.997,39.0,2.0,41.0
393,p.e. rio almodovar,WRI1007191,12.8,36.1949,-5.7634,wind,58.7231265071824,Cádiz,Andalucía,50.0,23.6388,383.85400000000004,19.4907,9.37283,24.0
394,p.e. san juan de bargas (unificado),WRI1007200,89.6,41.8157,-1.4882,wind,411.06188555027677,Zaragoza,Aragón,24.0,2.9750099999999997,375.0,51.0,1.0,8.3
395,p.e. santo cristo de magallon,WRI1007204,40.0,41.8325,-1.4598,wind,183.509770334945,Zaragoza,Aragón,24.0,2.9750099999999997,375.0,51.0,1.0,8.3
396,p.e. serra de meira,WRI1007207,49.3,43.2134,-7.2937,wind,226.17579193781967,Lugo,Galicia,32.0,0.12704400000000002,100.0,69.648,0.27660300000000004,1.0
397,p.e. serra do burgo y ampliacion(11050 kw 31/5/05),WRI1007209,27.2,42.25,-7.3833,wind,124.78664382776259,Ourense,Galicia,33.0,11.0,165.0,71.5256,0.6956979999999999,31.0
398,p.e. serra do paramo,WRI1007210,20.0,42.7815,-7.4143,wind,91.7548851674725,Lugo,Galicia,32.0,0.12704400000000002,100.0,69.648,0.27660300000000004,1.0
399,p.e. sierra de guindos,WRI1007217,24.7,39.1452,-1.3288,wind,113.31728318182856,Albacete,Castilla-La Mancha,69.0,4.9294,366.33,29.0,362.5,5.060569999999999
400,p.e. sierra de la oliva,WRI1007218,30.0,38.74800000000001,-1.1985,wind,137.63232775120878,Murcia,Región de Murcia,69.0,9.19885,381.76800000000003,30.8007,362.5,8.096919999999999
401,p.e. sierra de la oliva,WRI1023642,46.86,38.7564,-1.0117,wind,214.9816959473881,Albacete,Castilla-La Mancha,69.0,4.9294,366.33,29.0,362.5,5.060569999999999
402,p.e. sierra de la virgen,WRI1007219,28.8,41.5406,-1.7166,wind,132.1270346411604,Zaragoza,Aragón,23.0,3.5973599999999997,316.262,49.9785,0.08475039999999999,2.09385
403,p.e. sierra de los baos y pumar,WRI1007221,30.6,43.4118,-6.2602,wind,140.38497430623295,Asturias,Principado de Asturias,33.0,23.0,390.0,40.0,4.0,14.5
404,p.e. sierra de selva,WRI1007226,33.0,42.45,-1.1167,wind,151.39556052632963,Navarra,Navarra,31.0,8.0,347.972,67.5023,0.5299229999999999,2.0777799999999997
405,p.e. sierra de tineo,WRI1007227,44.0,43.3377,-6.4145,wind,201.8607473684395,Asturias,Principado de Asturias,33.0,0.9498139999999999,170.0,29.5,0.45867600000000003,13.0
406,p.e. sierra del acebo,WRI1007229,17.82,43.2155,-6.8757,wind,81.75360268421801,Asturias,Principado de Asturias,26.0,0.603221,338.793,56.0,2.52575,3.4915300000000005
407,p.e. sierra del cortado,WRI1007232,18.48,41.7389,-2.1697,wind,84.78151389474459,Soria,Castilla y León,18.0,12.0,304.997,39.0,2.0,41.0
408,p.e. sierra del trigo,WRI1007234,15.18,37.5302,-3.6562,wind,69.64195784211165,Jaén,Andalucía,36.0,12.8241,215.0,78.51,1.1,2.32
409,p.e. sierra lacera,WRI1007236,36.9,40.7342,-1.6172,wind,169.28776313398677,Guadalajara,Castilla-La Mancha,34.0,4.750719999999999,316.262,72.509,0.837259,1.6922099999999998
410,p.e. sierra quemada,WRI1007239,26.25,38.9147,-3.5369,wind,120.42828678230764,Ciudad Real,Castilla-La Mancha,25.0,27.0,320.85200000000003,16.0,4.0,40.0
411,p.e. sos del rey catolico,WRI1007244,48.75,42.4969,-1.2151,wind,223.65253259571426,Zaragoza,Aragón,31.0,8.0,100.0,67.5023,0.5299229999999999,2.0777799999999997
412,p.e. tarayuela,WRI1007247,30.0,41.9778,-0.5373,wind,137.63232775120878,Huesca,Aragón,8.0,4.01,216.0,16.7675,3.975,32.122
413,p.e. tardienta i,WRI1007248,93.7,41.9778,-0.5373,wind,429.87163700960883,Huesca,Aragón,8.0,4.01,216.0,16.7675,3.975,32.122
414,p.e. tinajeros,WRI1007249,50.0,39.0688,-1.7434,wind,229.38721291868129,Albacete,Castilla-La Mancha,37.0,23.0,310.0,28.0,2.0,27.0
415,p.e. torre miro ii,WRI1007252,99.0,40.6197,-0.0989,wind,454.1866815789888,Castelló,Comunidad Valenciana,54.0,3.01776,385.106,18.5,3.0,3.0
416,p.e. valdeconejos,WRI1007259,32.3,40.7947,-0.8101,wind,148.1841395454681,Teruel,Aragón,28.0,3.52451,342.131,61.3332,0.664964,2.19292
417,p.e. valdepero,WRI1007262,30.0,42.0753,-4.5005,wind,137.63232775120878,Palencia,Castilla y León,29.0,8.0,600.0,26.5,3.0,22.8333
418,p.e. valmediano,WRI1007263,34.0,41.8347,-5.8888,wind,155.98330478470325,Zamora,Castilla y León,30.0,0.123919,315.428,64.0154,2.0,10.0
419,p.e. veciana,WRI1023541,29.27,41.6377,1.4353,wind,134.283274442596,Lleida,Catalunya,15.0,4.33263,359.654,9.66667,1.0,6.0
420,p.e.el roblecillo de arriba,WRI1007278,49.8,40.5934,-1.9095,wind,228.4696640670065,Guadalajara,Castilla-La Mancha,34.0,4.750719999999999,316.262,72.509,0.837259,1.6922099999999998
421,p.e.hueneja 3,WRI1007279,49.5,37.1766,-2.9502,wind,227.0933407894944,Granada,Andalucía,31.0,33.66,330.0,19.0,2.0,38.0
422,padornelo,WRI1007282,31.45,42.0357,-6.9054,wind,144.28455692585052,Zamora,Castilla y León,30.0,11.0,100.0,65.7141,0.522472,2.46335
423,palos de la frontera grupo 1,WRI1007283,1167.0,37.1843,-6.8857,gas,2108.9218745078197,Huelva,Andalucía,37.0,23.28,265.0,80.3769,4.21703,3.7432199999999995
424,pampaneira,WRI1007285,12.8,36.9402,-3.361,hydro,35.12428782788526,Granada,Andalucía,36.0,11.300999999999998,215.0,78.51,1.1,2.32
425,papelera guipuzcoana,WRI1007287,79.918,43.2596,-1.9688,gas,144.4222950873316,Gipuzkoa,Euskadi,32.0,2.25867,200.0,70.1,0.719912,1.3
426,papelera romani,WRI1007290,18.801,43.3,-7.5833,oil,56.890430244600495,Lugo,Galicia,27.0,0.12154100000000001,100.0,57.9357,0.41536999999999996,1.0
427,paramo de la mesuca,WRI1007294,36.0,42.6654,-3.5014,wind,165.1587933014505,Burgos,Castilla y León,31.0,3.18896,296.235,66.4294,3.0,1.885
428,paramo de poza i,WRI1007295,96.76,42.6654,-3.5014,wind,443.910134440232,Burgos,Castilla y León,31.0,3.18896,296.235,66.4294,3.0,1.885
429,parque eolico a carba,WRI1007301,19.5,43.3,-7.6833,wind,89.4610130382857,Lugo,Galicia,27.0,0.12154100000000001,100.0,57.9357,0.41536999999999996,1.0
430,parque eolico aibar,WRI1007302,33.84,42.592,-1.3604,wind,155.2492657033635,Navarra,Navarra,31.0,8.0,100.0,67.5023,0.5299229999999999,2.0777799999999997
431,parque eolico alabe-soan,WRI1007303,19.5,38.4,-6.4667,wind,89.4610130382857,Badajoz,Extremadura,29.0,7.40827,315.845,63.0319,125.0,3.4968800000000004
432,parque eolico alconera,WRI1007304,14.4,38.4,-6.4667,wind,66.0635173205802,Badajoz,Extremadura,29.0,7.40827,315.845,63.0319,125.0,3.4968800000000004
433,parque eolico alto de la moreruela,WRI1007313,49.5,40.0167,-0.65,wind,227.0933407894944,Castelló,Comunidad Valenciana,22.0,24.0,352.97900000000004,33.0,0.32642899999999997,9.0
434,parque eolico alto palancia iii,WRI1007317,94.0,39.9894,-0.6804,wind,431.2479602871208,Castellón,Comunidad Valenciana,22.0,24.0,352.97900000000004,33.0,0.32642899999999997,9.0
435,parque eolico arriello,WRI1007325,24.42,40.4288,-0.2577,wind,112.03271478948393,Castellón,Comunidad Valenciana,54.0,24.0,385.106,18.5,3.0,3.0
436,parque eolico belchite,WRI1007333,49.5,41.3032,-0.7505,wind,227.0933407894944,Zaragoza,Aragón,8.0,4.01,216.0,16.7675,3.975,32.122
437,parque eolico boira,WRI1007337,34.5,41.8341,-1.5327,wind,158.27717691389006,Zaragoza,Aragón,24.0,3.11571,375.0,51.0,1.0,8.3
438,parque eolico borja 2,WRI1007338,37.51000000000001,41.8341,-1.5327,wind,172.0862871315947,Zaragoza,Aragón,24.0,3.11571,375.0,51.0,1.0,8.3
439,parque eolico calderon,WRI1007341,18.0,39.4085,-2.2017,wind,82.57939665072523,Cuenca,Castilla-La Mancha,11.0,2.96248,344.217,24.3187,0.05710169999999999,4.45545
440,parque eolico cerro de la higuera,WRI1007350,36.0,36.878,-4.8469,wind,165.1587933014505,Málaga,Andalucía,32.0,18.5299,338.0,26.8221,0.944361,11.0529
441,parque eolico cerro de la nevera,WRI1007352,31.5,39.8833,-0.95,wind,144.51394413876918,Valencia,Comunidad Valenciana,19.0,6.0,352.97900000000004,40.9037,0.32642899999999997,9.0
442,parque eolico colmenar ii,WRI1007359,28.0,39.9667,-0.25,wind,128.4568392344615,Castellón,Comunidad Valenciana,50.0,24.0,250.0,25.75,3.0,10.6667
443,parque eolico corme g-3,WRI1007361,18.3,43.2433,-8.9008,wind,83.95571992823734,A Coruña,Galicia,30.0,0.123394,378.01300000000003,64.0,1.3,4.73391
444,parque eolico cortijo de guerra ii,WRI1007362,28.0,36.6865,-6.1361,wind,128.4568392344615,Cádiz,Andalucía,44.0,21.0678,378.01300000000003,19.6472,5.0,32.3877
445,parque eolico cortijo de iruelas,WRI1007363,13.6,37.3167,-4.05,wind,62.393321913881294,Granada,Andalucía,36.0,14.2686,215.0,78.51,1.1,2.32
446,parque eolico cortijo la linera,WRI1007364,28.0,38.1144,-2.5711,wind,128.4568392344615,Jaén,Andalucía,24.0,4.93159,322.52099999999996,50.961999999999996,0.30593899999999996,20.0
447,parque eolico couto de san sebastian,WRI1007366,18.0,42.69600000000001,-8.2465,wind,82.57939665072523,Pontevedra,Galicia,29.0,18.0,170.0,58.0,1.15,18.5
448,parque eolico cruz de hierro,WRI1007368,14.52,40.7167,-4.45,wind,66.61404663158504,Ávila,Castilla y León,25.0,19.0,600.0,32.5,2.0,14.0
449,parque eolico de la solana,WRI1007389,24.0,38.6328,-0.8197,wind,110.10586220096701,Alicante,Comunidad Valenciana,21.0,10.8879,389.278,33.5,2.145,10.6667
450,parque eolico de las azorrillas,WRI1007390,32.0,37.1882,-3.6067,wind,146.807816267956,Granada,Andalucía,36.0,14.4258,215.0,78.51,1.1,2.32
451,parque eolico de las pedrizas,WRI1007391,24.0,37.1882,-3.6067,wind,110.10586220096701,Granada,Andalucía,36.0,14.4258,215.0,78.51,1.1,2.32
452,parque eolico de los visos,WRI1007392,24.42,41.6336,-1.2744,wind,112.03271478948393,Zaragoza,Aragón,8.0,4.01,216.0,16.7675,3.975,32.122
453,parque eolico de paxareiras iif (a runa),WRI1007395,24.6,42.8233,-9.0891,wind,112.85850875599121,A Coruña,Galicia,24.0,18.0,110.0,52.0,1.0,6.0
454,parque eolico de san gregorio,WRI1007399,15.0,42.0325,-1.5259,wind,68.81616387560436,Navarra,Navarra,24.0,3.11571,375.0,51.0,1.0,8.3
455,parque eolico dehesa del coscojar,WRI1007408,15.0,41.9006,-1.4199,wind,68.81616387560436,Zaragoza,Aragón,24.0,2.9750099999999997,375.0,51.0,1.0,8.3
456,parque eolico el bancal,WRI1007418,21.0,36.0139,-5.6069,wind,96.34262942584611,Cádiz,Andalucía,50.0,23.6388,383.85400000000004,19.4907,9.37283,24.0
457,parque eolico el centenar,WRI1007423,40.0,36.539,-5.3868,wind,183.509770334945,Málaga,Andalucía,27.0,17.1534,394.702,48.0115,0.8819620000000001,24.0
458,parque eolico el conjuro,WRI1007425,17.0,36.7507,-3.5179,wind,77.99165239235163,Granada,Andalucía,36.0,13.5171,215.0,78.51,1.1,2.32
459,parque eolico el guijo,WRI1007428,47.6,41.0983,-2.5741,wind,218.3766266985845,Guadalajara,Castilla-La Mancha,25.0,4.38159,322.938,53.9124,0.198139,2.76323
460,parque eolico el moral,WRI1007431,25.5,38.8299,-3.5781,wind,116.98747858852744,Ciudad Real,Castilla-La Mancha,14.0,7.12437,320.85200000000003,31.0,0.11804500000000001,2.95066
461,parque eolico el moralejo,WRI1007432,16.25,38.9667,-1.2167,wind,74.55084419857141,Albacete,Castilla-La Mancha,69.0,4.9294,366.33,29.0,362.5,5.060569999999999
462,parque eolico el pical,WRI1007436,19.8,41.7494,-2.1887,wind,90.83733631579778,Soria,Castilla y León,18.0,12.0,304.997,39.0,2.0,41.0
463,parque eolico el picazo,WRI1007437,50.0,39.45,-2.0833,wind,229.38721291868129,Cuenca,Castilla-La Mancha,37.0,23.0,310.0,28.0,2.0,27.0
464,parque eolico el tablado,WRI1007446,19.8,41.7175,-1.8109,wind,90.83733631579778,Soria,Castilla y León,24.0,3.5973599999999997,375.0,51.0,1.0,8.3
465,parque eolico el toranzo,WRI1007447,18.0,41.7631,-1.8882,wind,82.57939665072523,Soria,Castilla y León,24.0,3.11571,375.0,51.0,1.0,8.3
466,parque eolico enix,WRI1007452,13.2,36.8773,-2.6018,wind,60.558224210531854,Almería,Andalucía,15.0,6.84558,367.999,17.6579,0.6938350000000001,12.0
467,parque eolico fuente de cantos,WRI1007458,28.0,38.25,-6.3,wind,128.4568392344615,Badajoz,Extremadura,36.0,11.2042,200.0,77.0,125.0,2.3
468,parque eolico hermanas,WRI1007465,28.38,37.2829,-5.9209,wind,130.2001820526435,Sevilla,Andalucía,31.0,14.4311,610.0,16.3168,0.291038,13.2164
469,parque eolico ibargoiti,WRI1007467,22.44,42.653,-1.3067,wind,102.94898115790414,Navarra,Navarra,31.0,8.0,100.0,67.5023,0.5299229999999999,2.0777799999999997
470,parque eolico la bobia - san isidro,WRI1007473,49.3,43.5167,-6.6833,wind,226.17579193781967,Asturias,Principado de Asturias,26.0,0.446457,326.276,56.0,1.35228,2.9346
471,parque eolico la cuesta,WRI1007478,27.2,43.2155,-6.8757,wind,124.78664382776259,Asturias,Principado de Asturias,26.0,0.603221,338.793,56.0,2.52575,3.4915300000000005
472,parque eolico la maza,WRI1007485,22.95,39.6,-1.8,wind,105.28873072967473,Cuenca,Castilla-La Mancha,4.0,1.0,351.727,4.0,3.0,21.0
473,parque eolico la molata,WRI1007486,17.25,39.4085,-2.2017,wind,79.13858845694503,Cuenca,Castilla-La Mancha,11.0,2.96248,344.217,24.3187,0.05710169999999999,4.45545
474,parque eolico la muela,WRI1007487,51.48,41.5919,-1.1577,wind,236.17707442107425,Zaragoza,Aragón,8.0,4.01,216.0,16.7675,3.975,32.122
475,parque eolico la retuerta,WRI1007494,38.0,37.5076,-7.2704,wind,174.33428181819775,Huelva,Andalucía,33.0,23.28,265.0,70.2739,0.235857,2.80072
476,parque eolico la solana,WRI1007496,44.2,38.6328,-0.8197,wind,202.77829622011424,Alicante,Comunidad Valenciana,21.0,10.8879,389.278,33.5,2.145,10.6667
477,parque eolico lacera,WRI1007503,25.74,38.6137,-1.1147,wind,118.08853721053707,Murcia,Región de Murcia,69.0,9.19885,381.76800000000003,30.8007,362.5,8.096919999999999
478,parque eolico lanchar,WRI1007504,24.42,42.0635,-7.7246,wind,112.03271478948393,Ourense,Galicia,29.0,11.0,165.0,60.5285,0.3241,31.0
479,parque eolico larouco,WRI1007505,41.65,42.0635,-7.7246,wind,191.07954836126143,Ourense,Galicia,29.0,11.0,165.0,60.5285,0.3241,31.0
